district,country,lat,lng,date,confirmed_cases,deaths,recovered,uci,hospitalizations,confirmed_cases_non_cum,deaths_non_cum,recovered_non_cum,iso
Abruzzo,Italy,43,12,2020-02-24,0,0,NA,0,0,0,0,NA,ITA
Abruzzo,Italy,43,12,2020-02-25,0,0,NA,0,0,0,0,NA,ITA
Abruzzo,Italy,43,12,2020-02-26,0,0,NA,0,0,0,0,NA,ITA
Abruzzo,Italy,43,12,2020-02-29,2,0,NA,0,2,2,0,NA,ITA
Abruzzo,Italy,43,12,2020-03-06,9,0,NA,0,9,7,0,NA,ITA
Basilicata,Italy,43,12,2020-02-24,0,0,NA,0,0,0,0,NA,ITA
Basilicata,Italy,43,12,2020-02-25,0,0,NA,0,0,0,0,NA,ITA
Basilicata,Italy,43,12,2020-02-26,0,0,NA,0,0,0,0,NA,ITA
Basilicata,Italy,43,12,2020-02-29,0,0,NA,0,0,0,0,NA,ITA
Basilicata,Italy,43,12,2020-03-06,3,0,NA,0,1,3,0,NA,ITA
Calabria,Italy,43,12,2020-02-24,0,0,NA,0,0,0,0,NA,ITA
Calabria,Italy,43,12,2020-02-25,0,0,NA,0,0,0,0,NA,ITA
Calabria,Italy,43,12,2020-02-26,0,0,NA,0,0,0,0,NA,ITA
Calabria,Italy,43,12,2020-02-29,1,0,NA,0,0,1,0,NA,ITA
Calabria,Italy,43,12,2020-03-06,4,0,NA,0,2,3,0,NA,ITA
Campania,Italy,43,12,2020-02-24,0,0,NA,0,0,0,0,NA,ITA
Campania,Italy,43,12,2020-02-25,0,0,NA,0,0,0,0,NA,ITA
Campania,Italy,43,12,2020-02-26,0,0,NA,0,0,0,0,NA,ITA
Campania,Italy,43,12,2020-02-29,13,0,NA,0,3,13,0,NA,ITA
Campania,Italy,43,12,2020-03-06,57,0,NA,0,12,44,0,NA,ITA
Emilia Romagna,Italy,43,12,2020-02-24,18,0,NA,2,12,18,0,NA,ITA
Emilia Romagna,Italy,43,12,2020-02-25,26,0,NA,2,17,8,0,NA,ITA
Emilia Romagna,Italy,43,12,2020-02-26,47,1,NA,3,23,21,1,NA,ITA
Emilia Romagna,Italy,43,12,2020-02-29,217,4,NA,11,97,170,3,NA,ITA
Emilia Romagna,Italy,43,12,2020-03-06,870,37,NA,53,450,653,33,NA,ITA
Friuli Venezia Giulia,Italy,43,12,2020-02-24,0,0,NA,0,0,0,0,NA,ITA
Friuli Venezia Giulia,Italy,43,12,2020-02-25,0,0,NA,0,0,0,0,NA,ITA
Friuli Venezia Giulia,Italy,43,12,2020-02-26,0,0,NA,0,0,0,0,NA,ITA
Friuli Venezia Giulia,Italy,43,12,2020-02-29,0,0,NA,0,0,0,0,NA,ITA
Friuli Venezia Giulia,Italy,43,12,2020-03-06,31,0,NA,0,4,31,0,NA,ITA
Lazio,Italy,43,12,2020-02-24,3,0,NA,1,2,3,0,NA,ITA
Lazio,Italy,43,12,2020-02-25,3,0,NA,1,2,0,0,NA,ITA
Lazio,Italy,43,12,2020-02-26,3,0,NA,0,0,0,0,NA,ITA
Lazio,Italy,43,12,2020-02-29,6,0,NA,0,3,3,0,NA,ITA
Lazio,Italy,43,12,2020-03-06,54,1,NA,8,34,48,1,NA,ITA
Liguria,Italy,43,12,2020-02-24,0,0,NA,0,0,0,0,NA,ITA
Liguria,Italy,43,12,2020-02-25,1,0,NA,0,1,1,0,NA,ITA
Liguria,Italy,43,12,2020-02-26,11,0,NA,0,6,10,0,NA,ITA
Liguria,Italy,43,12,2020-02-29,42,0,NA,1,5,31,0,NA,ITA
Liguria,Italy,43,12,2020-03-06,32,3,NA,5,17,-10,3,NA,ITA
Lombardia,Italy,43,12,2020-02-24,172,6,NA,19,95,172,6,NA,ITA
Lombardia,Italy,43,12,2020-02-25,240,9,NA,25,104,68,3,NA,ITA
Lombardia,Italy,43,12,2020-02-26,258,9,NA,25,104,18,0,NA,ITA
Lombardia,Italy,43,12,2020-02-29,615,23,NA,80,336,357,14,NA,ITA
Lombardia,Italy,43,12,2020-03-06,2612,135,NA,309,1931,1997,112,NA,ITA
Marche,Italy,43,12,2020-02-24,0,0,NA,0,0,0,0,NA,ITA
Marche,Italy,43,12,2020-02-25,0,0,NA,0,0,0,0,NA,ITA
Marche,Italy,43,12,2020-02-26,1,0,NA,0,1,1,0,NA,ITA
Marche,Italy,43,12,2020-02-29,11,0,NA,2,8,10,0,NA,ITA
Marche,Italy,43,12,2020-03-06,159,4,NA,20,93,148,4,NA,ITA
Molise,Italy,43,12,2020-02-24,0,0,NA,0,0,0,0,NA,ITA
Molise,Italy,43,12,2020-02-25,0,0,NA,0,0,0,0,NA,ITA
Molise,Italy,43,12,2020-02-26,0,0,NA,0,0,0,0,NA,ITA
Molise,Italy,43,12,2020-02-29,0,0,NA,0,0,0,0,NA,ITA
Molise,Italy,43,12,2020-03-06,12,0,NA,2,5,12,0,NA,ITA
P.A. Bolzano,Italy,43,12,2020-02-24,0,0,NA,0,0,0,0,NA,ITA
P.A. Bolzano,Italy,43,12,2020-02-25,1,0,NA,0,1,1,0,NA,ITA
P.A. Bolzano,Italy,43,12,2020-02-26,1,0,NA,0,1,0,0,NA,ITA
P.A. Bolzano,Italy,43,12,2020-02-29,1,0,NA,0,1,0,0,NA,ITA
P.A. Bolzano,Italy,43,12,2020-03-06,4,0,NA,0,4,3,0,NA,ITA
P.A. Trento,Italy,43,12,2020-02-24,0,0,NA,0,0,0,0,NA,ITA
P.A. Trento,Italy,43,12,2020-02-25,0,0,NA,0,0,0,0,NA,ITA
P.A. Trento,Italy,43,12,2020-02-26,0,0,NA,0,0,0,0,NA,ITA
P.A. Trento,Italy,43,12,2020-02-29,0,0,NA,0,0,0,0,NA,ITA
P.A. Trento,Italy,43,12,2020-03-06,10,0,NA,0,4,10,0,NA,ITA
Piemonte,Italy,43,12,2020-02-24,3,0,NA,0,2,3,0,NA,ITA
Piemonte,Italy,43,12,2020-02-25,3,0,NA,0,2,0,0,NA,ITA
Piemonte,Italy,43,12,2020-02-26,3,0,NA,0,2,0,0,NA,ITA
Piemonte,Italy,43,12,2020-02-29,11,0,NA,0,7,8,0,NA,ITA
Piemonte,Italy,43,12,2020-03-06,143,4,NA,30,87,132,4,NA,ITA
Puglia,Italy,43,12,2020-02-24,0,0,NA,0,0,0,0,NA,ITA
Puglia,Italy,43,12,2020-02-25,0,0,NA,0,0,0,0,NA,ITA
Puglia,Italy,43,12,2020-02-26,0,0,NA,0,0,0,0,NA,ITA
Puglia,Italy,43,12,2020-02-29,3,0,NA,0,1,3,0,NA,ITA
Puglia,Italy,43,12,2020-03-06,17,1,NA,1,6,14,1,NA,ITA
Sardegna,Italy,43,12,2020-02-24,0,0,NA,0,0,0,0,NA,ITA
Sardegna,Italy,43,12,2020-02-25,0,0,NA,0,0,0,0,NA,ITA
Sardegna,Italy,43,12,2020-02-26,0,0,NA,0,0,0,0,NA,ITA
Sardegna,Italy,43,12,2020-02-29,0,0,NA,0,0,0,0,NA,ITA
Sardegna,Italy,43,12,2020-03-06,5,0,NA,0,2,5,0,NA,ITA
Sicilia,Italy,43,12,2020-02-24,0,0,NA,0,0,0,0,NA,ITA
Sicilia,Italy,43,12,2020-02-25,3,0,NA,0,2,3,0,NA,ITA
Sicilia,Italy,43,12,2020-02-26,3,0,NA,0,1,0,0,NA,ITA
Sicilia,Italy,43,12,2020-02-29,4,0,NA,0,1,1,0,NA,ITA
Sicilia,Italy,43,12,2020-03-06,24,0,NA,0,7,20,0,NA,ITA
Toscana,Italy,43,12,2020-02-24,0,0,NA,0,0,0,0,NA,ITA
Toscana,Italy,43,12,2020-02-25,2,0,NA,0,2,2,0,NA,ITA
Toscana,Italy,43,12,2020-02-26,2,0,NA,0,2,0,0,NA,ITA
Toscana,Italy,43,12,2020-02-29,11,0,NA,0,7,9,0,NA,ITA
Toscana,Italy,43,12,2020-03-06,79,0,NA,5,40,68,0,NA,ITA
Umbria,Italy,43,12,2020-02-24,0,0,NA,0,0,0,0,NA,ITA
Umbria,Italy,43,12,2020-02-25,0,0,NA,0,0,0,0,NA,ITA
Umbria,Italy,43,12,2020-02-26,0,0,NA,0,0,0,0,NA,ITA
Umbria,Italy,43,12,2020-02-29,0,0,NA,0,0,0,0,NA,ITA
Umbria,Italy,43,12,2020-03-06,16,0,NA,2,4,16,0,NA,ITA
Valle d'Aosta,Italy,43,12,2020-02-24,0,0,NA,0,0,0,0,NA,ITA
Valle d'Aosta,Italy,43,12,2020-02-25,0,0,NA,0,0,0,0,NA,ITA
Valle d'Aosta,Italy,43,12,2020-02-26,0,0,NA,0,0,0,0,NA,ITA
Valle d'Aosta,Italy,43,12,2020-02-29,0,0,NA,0,0,0,0,NA,ITA
Valle d'Aosta,Italy,43,12,2020-03-06,7,0,NA,0,0,7,0,NA,ITA
Veneto,Italy,43,12,2020-02-24,33,1,NA,4,16,33,1,NA,ITA
Veneto,Italy,43,12,2020-02-25,43,1,NA,7,19,10,0,NA,ITA
Veneto,Italy,43,12,2020-02-26,71,2,NA,8,24,28,1,NA,ITA
Veneto,Italy,43,12,2020-02-29,191,2,NA,11,35,120,0,NA,ITA
Veneto,Italy,43,12,2020-03-06,488,12,NA,27,144,297,10,NA,ITA
NA,Italy,43,12,2020-01-22,0,0,0,NA,NA,0,0,0,ITA
NA,Italy,43,12,2020-01-23,0,0,0,NA,NA,0,0,0,ITA
NA,Italy,43,12,2020-01-24,0,0,0,NA,NA,0,0,0,ITA
NA,Italy,43,12,2020-01-25,0,0,0,NA,NA,0,0,0,ITA
NA,Italy,43,12,2020-01-26,0,0,0,NA,NA,0,0,0,ITA
NA,Italy,43,12,2020-01-27,0,0,0,NA,NA,0,0,0,ITA
NA,Italy,43,12,2020-01-28,0,0,0,NA,NA,0,0,0,ITA
NA,Italy,43,12,2020-01-29,0,0,0,NA,NA,0,0,0,ITA
NA,Italy,43,12,2020-01-30,0,0,0,NA,NA,0,0,0,ITA
NA,Italy,43,12,2020-01-31,2,0,0,NA,NA,2,0,0,ITA
NA,Italy,43,12,2020-02-01,2,0,0,NA,NA,0,0,0,ITA
NA,Italy,43,12,2020-02-02,2,0,0,NA,NA,0,0,0,ITA
NA,Italy,43,12,2020-02-03,2,0,0,NA,NA,0,0,0,ITA
NA,Italy,43,12,2020-02-04,2,0,0,NA,NA,0,0,0,ITA
NA,Italy,43,12,2020-02-05,2,0,0,NA,NA,0,0,0,ITA
NA,Italy,43,12,2020-02-06,2,0,0,NA,NA,0,0,0,ITA
NA,Italy,43,12,2020-02-07,3,0,0,NA,NA,1,0,0,ITA
NA,Italy,43,12,2020-02-08,3,0,0,NA,NA,0,0,0,ITA
NA,Italy,43,12,2020-02-09,3,0,0,NA,NA,0,0,0,ITA
NA,Italy,43,12,2020-02-10,3,0,0,NA,NA,0,0,0,ITA
NA,Italy,43,12,2020-02-11,3,0,0,NA,NA,0,0,0,ITA
NA,Italy,43,12,2020-02-12,3,0,0,NA,NA,0,0,0,ITA
NA,Italy,43,12,2020-02-13,3,0,0,NA,NA,0,0,0,ITA
NA,Italy,43,12,2020-02-14,3,0,0,NA,NA,0,0,0,ITA
NA,Italy,43,12,2020-02-15,3,0,0,NA,NA,0,0,0,ITA
NA,Italy,43,12,2020-02-16,3,0,0,NA,NA,0,0,0,ITA
NA,Italy,43,12,2020-02-17,3,0,0,NA,NA,0,0,0,ITA
NA,Italy,43,12,2020-02-18,3,0,0,NA,NA,0,0,0,ITA
NA,Italy,43,12,2020-02-19,3,0,0,NA,NA,0,0,0,ITA
NA,Italy,43,12,2020-02-20,3,0,0,NA,NA,0,0,0,ITA
NA,Italy,43,12,2020-02-21,20,1,0,NA,NA,17,1,0,ITA
NA,Italy,43,12,2020-02-22,62,2,1,NA,NA,42,1,1,ITA
NA,Italy,43,12,2020-02-23,155,3,2,NA,NA,93,1,1,ITA
Andalucía,Spain,NA,NA,2020-02-27,1,0,NA,NA,NA,1,0,NA,ESP
Andalucía,Spain,NA,NA,2020-02-28,7,0,NA,NA,NA,6,0,NA,ESP
Andalucía,Spain,NA,NA,2020-03-01,12,0,NA,NA,NA,5,0,NA,ESP
Andalucía,Spain,NA,NA,2020-03-02,12,0,NA,NA,NA,0,0,NA,ESP
Andalucía,Spain,NA,NA,2020-03-03,13,0,NA,NA,NA,1,0,NA,ESP
Andalucía,Spain,NA,NA,2020-03-04,13,0,NA,NA,NA,0,0,NA,ESP
Andalucía,Spain,NA,NA,2020-03-05,12,0,NA,NA,NA,-1,0,NA,ESP
Andalucía,Spain,NA,NA,2020-03-07,27,0,NA,NA,NA,15,0,NA,ESP
Andalucía,Spain,NA,NA,2020-03-08,35,0,NA,NA,NA,8,0,NA,ESP
Andalucía,Spain,NA,NA,2020-03-09,54,0,NA,NA,NA,19,0,NA,ESP
Andalucía,Spain,NA,NA,2020-03-10,71,0,NA,NA,NA,17,0,NA,ESP
Andalucía,Spain,NA,NA,2020-03-11,90,0,NA,NA,NA,19,0,NA,ESP
Andalucía,Spain,NA,NA,2020-03-12,115,0,NA,NA,NA,25,0,NA,ESP
Andalucía,Spain,NA,NA,2020-03-13,219,0,NA,NA,NA,104,0,NA,ESP
Andalucía,Spain,NA,NA,2020-03-14,304,2,NA,NA,NA,85,2,NA,ESP
Andalucía,Spain,NA,NA,2020-03-15,437,6,NA,NA,NA,133,4,NA,ESP
Andalucía,Spain,NA,NA,2020-03-16,683,11,NA,NA,NA,246,5,NA,ESP
Andalucía,Spain,NA,NA,2020-03-17,859,19,NA,NA,NA,176,8,NA,ESP
Andalucía,Spain,NA,NA,2020-03-18,1008,23,NA,NA,NA,149,4,NA,ESP
Andalucía,Spain,NA,NA,2020-03-19,1287,30,NA,NA,NA,279,7,NA,ESP
Andalucía,Spain,NA,NA,2020-03-20,1515,40,NA,NA,NA,228,10,NA,ESP
Andalucía,Spain,NA,NA,2020-03-21,1725,47,NA,NA,NA,210,7,NA,ESP
Andalucía,Spain,NA,NA,2020-03-22,1961,58,NA,NA,NA,236,11,NA,ESP
Andalucía,Spain,NA,NA,2020-03-23,2471,87,NA,NA,NA,510,29,NA,ESP
Andalucía,Spain,NA,NA,2020-03-24,3010,113,NA,NA,NA,539,26,NA,ESP
Aragón,Spain,NA,NA,2020-02-28,1,0,NA,NA,NA,1,0,NA,ESP
Aragón,Spain,NA,NA,2020-03-05,1,0,NA,NA,NA,0,0,NA,ESP
Aragón,Spain,NA,NA,2020-03-07,11,0,NA,NA,NA,10,0,NA,ESP
Aragón,Spain,NA,NA,2020-03-08,13,0,NA,NA,NA,2,0,NA,ESP
Aragón,Spain,NA,NA,2020-03-09,13,1,NA,NA,NA,0,1,NA,ESP
Aragón,Spain,NA,NA,2020-03-10,38,3,NA,NA,NA,25,2,NA,ESP
Aragón,Spain,NA,NA,2020-03-11,45,4,NA,NA,NA,7,1,NA,ESP
Aragón,Spain,NA,NA,2020-03-12,64,6,NA,NA,NA,19,2,NA,ESP
Aragón,Spain,NA,NA,2020-03-13,80,7,NA,NA,NA,16,1,NA,ESP
Aragón,Spain,NA,NA,2020-03-14,121,7,NA,NA,NA,41,0,NA,ESP
Aragón,Spain,NA,NA,2020-03-15,147,7,NA,NA,NA,26,0,NA,ESP
Aragón,Spain,NA,NA,2020-03-16,207,12,NA,NA,NA,60,5,NA,ESP
Aragón,Spain,NA,NA,2020-03-17,226,13,NA,NA,NA,19,1,NA,ESP
Aragón,Spain,NA,NA,2020-03-18,281,15,NA,NA,NA,55,2,NA,ESP
Aragón,Spain,NA,NA,2020-03-19,360,17,NA,NA,NA,79,2,NA,ESP
Aragón,Spain,NA,NA,2020-03-20,424,22,NA,NA,NA,64,5,NA,ESP
Aragón,Spain,NA,NA,2020-03-21,532,24,NA,NA,NA,108,2,NA,ESP
Aragón,Spain,NA,NA,2020-03-22,638,32,NA,NA,NA,106,8,NA,ESP
Aragón,Spain,NA,NA,2020-03-23,758,37,NA,NA,NA,120,5,NA,ESP
Aragón,Spain,NA,NA,2020-03-24,907,40,NA,NA,NA,149,3,NA,ESP
Asturias,Spain,NA,NA,2020-03-01,1,0,NA,NA,NA,1,0,NA,ESP
Asturias,Spain,NA,NA,2020-03-02,1,0,NA,NA,NA,0,0,NA,ESP
Asturias,Spain,NA,NA,2020-03-03,1,0,NA,NA,NA,0,0,NA,ESP
Asturias,Spain,NA,NA,2020-03-04,2,0,NA,NA,NA,1,0,NA,ESP
Asturias,Spain,NA,NA,2020-03-05,5,0,NA,NA,NA,3,0,NA,ESP
Asturias,Spain,NA,NA,2020-03-07,5,0,NA,NA,NA,0,0,NA,ESP
Asturias,Spain,NA,NA,2020-03-08,7,0,NA,NA,NA,2,0,NA,ESP
Asturias,Spain,NA,NA,2020-03-09,7,0,NA,NA,NA,0,0,NA,ESP
Asturias,Spain,NA,NA,2020-03-10,28,0,NA,NA,NA,21,0,NA,ESP
Asturias,Spain,NA,NA,2020-03-11,32,0,NA,NA,NA,4,0,NA,ESP
Asturias,Spain,NA,NA,2020-03-12,49,1,NA,NA,NA,17,1,NA,ESP
Asturias,Spain,NA,NA,2020-03-13,73,1,NA,NA,NA,24,0,NA,ESP
Asturias,Spain,NA,NA,2020-03-14,101,1,NA,NA,NA,28,0,NA,ESP
Asturias,Spain,NA,NA,2020-03-15,137,1,NA,NA,NA,36,0,NA,ESP
Asturias,Spain,NA,NA,2020-03-16,193,1,NA,NA,NA,56,0,NA,ESP
Asturias,Spain,NA,NA,2020-03-17,242,1,NA,NA,NA,49,0,NA,ESP
Asturias,Spain,NA,NA,2020-03-18,292,1,NA,NA,NA,50,0,NA,ESP
Asturias,Spain,NA,NA,2020-03-19,344,2,NA,NA,NA,52,1,NA,ESP
Asturias,Spain,NA,NA,2020-03-20,486,5,NA,NA,NA,142,3,NA,ESP
Asturias,Spain,NA,NA,2020-03-21,545,8,NA,NA,NA,59,3,NA,ESP
Asturias,Spain,NA,NA,2020-03-22,594,12,NA,NA,NA,49,4,NA,ESP
Asturias,Spain,NA,NA,2020-03-23,662,22,NA,NA,NA,68,10,NA,ESP
Asturias,Spain,NA,NA,2020-03-24,779,25,NA,NA,NA,117,3,NA,ESP
Baleares,Spain,NA,NA,2020-02-28,1,0,NA,NA,NA,1,0,NA,ESP
Baleares,Spain,NA,NA,2020-03-01,2,0,NA,NA,NA,1,0,NA,ESP
Baleares,Spain,NA,NA,2020-03-02,2,0,NA,NA,NA,0,0,NA,ESP
Baleares,Spain,NA,NA,2020-03-03,2,0,NA,NA,NA,0,0,NA,ESP
Baleares,Spain,NA,NA,2020-03-04,3,0,NA,NA,NA,1,0,NA,ESP
Baleares,Spain,NA,NA,2020-03-05,6,0,NA,NA,NA,3,0,NA,ESP
Baleares,Spain,NA,NA,2020-03-07,6,0,NA,NA,NA,0,0,NA,ESP
Baleares,Spain,NA,NA,2020-03-08,8,0,NA,NA,NA,2,0,NA,ESP
Baleares,Spain,NA,NA,2020-03-09,11,0,NA,NA,NA,3,0,NA,ESP
Baleares,Spain,NA,NA,2020-03-10,13,0,NA,NA,NA,2,0,NA,ESP
Baleares,Spain,NA,NA,2020-03-11,16,0,NA,NA,NA,3,0,NA,ESP
Baleares,Spain,NA,NA,2020-03-12,22,1,NA,NA,NA,6,1,NA,ESP
Baleares,Spain,NA,NA,2020-03-13,30,1,NA,NA,NA,8,0,NA,ESP
Baleares,Spain,NA,NA,2020-03-14,44,1,NA,NA,NA,14,0,NA,ESP
Baleares,Spain,NA,NA,2020-03-15,55,1,NA,NA,NA,11,0,NA,ESP
Baleares,Spain,NA,NA,2020-03-16,92,1,NA,NA,NA,37,0,NA,ESP
Baleares,Spain,NA,NA,2020-03-17,112,1,NA,NA,NA,20,0,NA,ESP
Baleares,Spain,NA,NA,2020-03-18,169,2,NA,NA,NA,57,1,NA,ESP
Baleares,Spain,NA,NA,2020-03-19,203,2,NA,NA,NA,34,0,NA,ESP
Baleares,Spain,NA,NA,2020-03-20,246,4,NA,NA,NA,43,2,NA,ESP
Baleares,Spain,NA,NA,2020-03-21,331,4,NA,NA,NA,85,0,NA,ESP
Baleares,Spain,NA,NA,2020-03-22,400,10,NA,NA,NA,69,6,NA,ESP
Baleares,Spain,NA,NA,2020-03-23,478,10,NA,NA,NA,78,0,NA,ESP
Baleares,Spain,NA,NA,2020-03-24,562,13,NA,NA,NA,84,3,NA,ESP
C. Valenciana,Spain,NA,NA,2020-02-27,2,0,NA,NA,NA,2,0,NA,ESP
C. Valenciana,Spain,NA,NA,2020-02-28,9,0,NA,NA,NA,7,0,NA,ESP
C. Valenciana,Spain,NA,NA,2020-03-01,15,0,NA,NA,NA,6,0,NA,ESP
C. Valenciana,Spain,NA,NA,2020-03-02,15,0,NA,NA,NA,0,0,NA,ESP
C. Valenciana,Spain,NA,NA,2020-03-03,15,0,NA,NA,NA,0,0,NA,ESP
C. Valenciana,Spain,NA,NA,2020-03-04,19,1,NA,NA,NA,4,1,NA,ESP
C. Valenciana,Spain,NA,NA,2020-03-05,19,1,NA,NA,NA,0,0,NA,ESP
C. Valenciana,Spain,NA,NA,2020-03-07,30,0,NA,NA,NA,11,-1,NA,ESP
C. Valenciana,Spain,NA,NA,2020-03-08,37,0,NA,NA,NA,7,0,NA,ESP
C. Valenciana,Spain,NA,NA,2020-03-09,37,1,NA,NA,NA,0,1,NA,ESP
C. Valenciana,Spain,NA,NA,2020-03-10,50,1,NA,NA,NA,13,0,NA,ESP
C. Valenciana,Spain,NA,NA,2020-03-11,65,1,NA,NA,NA,15,0,NA,ESP
C. Valenciana,Spain,NA,NA,2020-03-12,94,1,NA,NA,NA,29,0,NA,ESP
C. Valenciana,Spain,NA,NA,2020-03-13,94,1,NA,NA,NA,0,0,NA,ESP
C. Valenciana,Spain,NA,NA,2020-03-14,192,4,NA,NA,NA,98,3,NA,ESP
C. Valenciana,Spain,NA,NA,2020-03-15,409,5,NA,NA,NA,217,1,NA,ESP
C. Valenciana,Spain,NA,NA,2020-03-16,541,13,NA,NA,NA,132,8,NA,ESP
C. Valenciana,Spain,NA,NA,2020-03-17,726,22,NA,NA,NA,185,9,NA,ESP
C. Valenciana,Spain,NA,NA,2020-03-18,921,24,NA,NA,NA,195,2,NA,ESP
C. Valenciana,Spain,NA,NA,2020-03-19,1105,33,NA,NA,NA,184,9,NA,ESP
C. Valenciana,Spain,NA,NA,2020-03-20,1363,50,NA,NA,NA,258,17,NA,ESP
C. Valenciana,Spain,NA,NA,2020-03-21,1604,69,NA,NA,NA,241,19,NA,ESP
C. Valenciana,Spain,NA,NA,2020-03-22,1901,94,NA,NA,NA,297,25,NA,ESP
C. Valenciana,Spain,NA,NA,2020-03-23,2167,115,NA,NA,NA,266,21,NA,ESP
C. Valenciana,Spain,NA,NA,2020-03-24,2616,143,NA,NA,NA,449,28,NA,ESP
Canarias,Spain,NA,NA,2020-02-27,5,0,NA,NA,NA,5,0,NA,ESP
Canarias,Spain,NA,NA,2020-02-28,6,0,NA,NA,NA,1,0,NA,ESP
Canarias,Spain,NA,NA,2020-03-01,7,0,NA,NA,NA,1,0,NA,ESP
Canarias,Spain,NA,NA,2020-03-02,7,0,NA,NA,NA,0,0,NA,ESP
Canarias,Spain,NA,NA,2020-03-03,7,0,NA,NA,NA,0,0,NA,ESP
Canarias,Spain,NA,NA,2020-03-04,7,0,NA,NA,NA,0,0,NA,ESP
Canarias,Spain,NA,NA,2020-03-05,8,0,NA,NA,NA,1,0,NA,ESP
Canarias,Spain,NA,NA,2020-03-07,18,0,NA,NA,NA,10,0,NA,ESP
Canarias,Spain,NA,NA,2020-03-08,17,0,NA,NA,NA,-1,0,NA,ESP
Canarias,Spain,NA,NA,2020-03-09,22,0,NA,NA,NA,5,0,NA,ESP
Canarias,Spain,NA,NA,2020-03-10,25,0,NA,NA,NA,3,0,NA,ESP
Canarias,Spain,NA,NA,2020-03-11,37,0,NA,NA,NA,12,0,NA,ESP
Canarias,Spain,NA,NA,2020-03-12,51,0,NA,NA,NA,14,0,NA,ESP
Canarias,Spain,NA,NA,2020-03-13,70,0,NA,NA,NA,19,0,NA,ESP
Canarias,Spain,NA,NA,2020-03-14,90,1,NA,NA,NA,20,1,NA,ESP
Canarias,Spain,NA,NA,2020-03-15,109,1,NA,NA,NA,19,0,NA,ESP
Canarias,Spain,NA,NA,2020-03-16,148,2,NA,NA,NA,39,1,NA,ESP
Canarias,Spain,NA,NA,2020-03-17,181,3,NA,NA,NA,33,1,NA,ESP
Canarias,Spain,NA,NA,2020-03-18,220,3,NA,NA,NA,39,0,NA,ESP
Canarias,Spain,NA,NA,2020-03-19,287,4,NA,NA,NA,67,1,NA,ESP
Canarias,Spain,NA,NA,2020-03-20,348,7,NA,NA,NA,61,3,NA,ESP
Canarias,Spain,NA,NA,2020-03-21,414,9,NA,NA,NA,66,2,NA,ESP
Canarias,Spain,NA,NA,2020-03-22,481,11,NA,NA,NA,67,2,NA,ESP
Canarias,Spain,NA,NA,2020-03-23,557,16,NA,NA,NA,76,5,NA,ESP
Canarias,Spain,NA,NA,2020-03-24,657,21,NA,NA,NA,100,5,NA,ESP
Cantabria,Spain,NA,NA,2020-03-01,1,0,NA,NA,NA,1,0,NA,ESP
Cantabria,Spain,NA,NA,2020-03-02,10,0,NA,NA,NA,9,0,NA,ESP
Cantabria,Spain,NA,NA,2020-03-03,10,0,NA,NA,NA,0,0,NA,ESP
Cantabria,Spain,NA,NA,2020-03-04,10,0,NA,NA,NA,0,0,NA,ESP
Cantabria,Spain,NA,NA,2020-03-05,10,0,NA,NA,NA,0,0,NA,ESP
Cantabria,Spain,NA,NA,2020-03-07,10,0,NA,NA,NA,0,0,NA,ESP
Cantabria,Spain,NA,NA,2020-03-08,12,0,NA,NA,NA,2,0,NA,ESP
Cantabria,Spain,NA,NA,2020-03-09,12,0,NA,NA,NA,0,0,NA,ESP
Cantabria,Spain,NA,NA,2020-03-10,12,0,NA,NA,NA,0,0,NA,ESP
Cantabria,Spain,NA,NA,2020-03-11,12,0,NA,NA,NA,0,0,NA,ESP
Cantabria,Spain,NA,NA,2020-03-12,16,0,NA,NA,NA,4,0,NA,ESP
Cantabria,Spain,NA,NA,2020-03-13,29,0,NA,NA,NA,13,0,NA,ESP
Cantabria,Spain,NA,NA,2020-03-14,31,0,NA,NA,NA,2,0,NA,ESP
Cantabria,Spain,NA,NA,2020-03-15,51,0,NA,NA,NA,20,0,NA,ESP
Cantabria,Spain,NA,NA,2020-03-16,58,0,NA,NA,NA,7,0,NA,ESP
Cantabria,Spain,NA,NA,2020-03-17,68,1,NA,NA,NA,10,1,NA,ESP
Cantabria,Spain,NA,NA,2020-03-18,83,1,NA,NA,NA,15,0,NA,ESP
Cantabria,Spain,NA,NA,2020-03-19,144,1,NA,NA,NA,61,0,NA,ESP
Cantabria,Spain,NA,NA,2020-03-20,215,2,NA,NA,NA,71,1,NA,ESP
Cantabria,Spain,NA,NA,2020-03-21,282,5,NA,NA,NA,67,3,NA,ESP
Cantabria,Spain,NA,NA,2020-03-22,347,6,NA,NA,NA,65,1,NA,ESP
Cantabria,Spain,NA,NA,2020-03-23,425,9,NA,NA,NA,78,3,NA,ESP
Cantabria,Spain,NA,NA,2020-03-24,510,14,NA,NA,NA,85,5,NA,ESP
Cataluña,Spain,NA,NA,2020-02-27,2,0,NA,NA,NA,2,0,NA,ESP
Cataluña,Spain,NA,NA,2020-02-28,3,0,NA,NA,NA,1,0,NA,ESP
Cataluña,Spain,NA,NA,2020-03-01,6,0,NA,NA,NA,3,0,NA,ESP
Cataluña,Spain,NA,NA,2020-03-02,15,0,NA,NA,NA,9,0,NA,ESP
Cataluña,Spain,NA,NA,2020-03-03,15,0,NA,NA,NA,0,0,NA,ESP
Cataluña,Spain,NA,NA,2020-03-04,15,0,NA,NA,NA,0,0,NA,ESP
Cataluña,Spain,NA,NA,2020-03-05,15,0,NA,NA,NA,0,0,NA,ESP
Cataluña,Spain,NA,NA,2020-03-07,24,0,NA,NA,NA,9,0,NA,ESP
Cataluña,Spain,NA,NA,2020-03-08,49,0,NA,NA,NA,25,0,NA,ESP
Cataluña,Spain,NA,NA,2020-03-09,75,1,NA,NA,NA,26,1,NA,ESP
Cataluña,Spain,NA,NA,2020-03-10,124,3,NA,NA,NA,49,2,NA,ESP
Cataluña,Spain,NA,NA,2020-03-11,156,3,NA,NA,NA,32,0,NA,ESP
Cataluña,Spain,NA,NA,2020-03-12,260,4,NA,NA,NA,104,1,NA,ESP
Cataluña,Spain,NA,NA,2020-03-13,316,4,NA,NA,NA,56,0,NA,ESP
Cataluña,Spain,NA,NA,2020-03-14,715,6,NA,NA,NA,399,2,NA,ESP
Cataluña,Spain,NA,NA,2020-03-15,903,8,NA,NA,NA,188,2,NA,ESP
Cataluña,Spain,NA,NA,2020-03-16,1394,18,NA,NA,NA,491,10,NA,ESP
Cataluña,Spain,NA,NA,2020-03-17,1866,41,NA,NA,NA,472,23,NA,ESP
Cataluña,Spain,NA,NA,2020-03-18,2702,55,NA,NA,NA,836,14,NA,ESP
Cataluña,Spain,NA,NA,2020-03-19,3270,82,NA,NA,NA,568,27,NA,ESP
Cataluña,Spain,NA,NA,2020-03-20,4203,122,NA,NA,NA,933,40,NA,ESP
Cataluña,Spain,NA,NA,2020-03-21,4704,191,NA,NA,NA,501,69,NA,ESP
Cataluña,Spain,NA,NA,2020-03-22,5925,245,NA,NA,NA,1221,54,NA,ESP
Cataluña,Spain,NA,NA,2020-03-23,7864,282,NA,NA,NA,1939,37,NA,ESP
Cataluña,Spain,NA,NA,2020-03-24,9937,516,NA,NA,NA,2073,234,NA,ESP
Ceuta,Spain,NA,NA,2020-03-19,5,0,NA,NA,NA,5,0,NA,ESP
Ceuta,Spain,NA,NA,2020-03-20,5,0,NA,NA,NA,0,0,NA,ESP
Ceuta,Spain,NA,NA,2020-03-21,5,0,NA,NA,NA,0,0,NA,ESP
Ceuta,Spain,NA,NA,2020-03-22,6,0,NA,NA,NA,1,0,NA,ESP
Ceuta,Spain,NA,NA,2020-03-23,6,0,NA,NA,NA,0,0,NA,ESP
Ceuta,Spain,NA,NA,2020-03-24,9,0,NA,NA,NA,3,0,NA,ESP
CLM,Spain,NA,NA,2020-03-01,1,0,NA,NA,NA,1,0,NA,ESP
CLM,Spain,NA,NA,2020-03-02,3,0,NA,NA,NA,2,0,NA,ESP
CLM,Spain,NA,NA,2020-03-03,3,0,NA,NA,NA,0,0,NA,ESP
CLM,Spain,NA,NA,2020-03-04,7,0,NA,NA,NA,4,0,NA,ESP
CLM,Spain,NA,NA,2020-03-05,13,0,NA,NA,NA,6,0,NA,ESP
CLM,Spain,NA,NA,2020-03-07,15,0,NA,NA,NA,2,0,NA,ESP
CLM,Spain,NA,NA,2020-03-08,15,0,NA,NA,NA,0,0,NA,ESP
CLM,Spain,NA,NA,2020-03-09,26,0,NA,NA,NA,11,0,NA,ESP
CLM,Spain,NA,NA,2020-03-10,39,0,NA,NA,NA,13,0,NA,ESP
CLM,Spain,NA,NA,2020-03-11,71,0,NA,NA,NA,32,0,NA,ESP
CLM,Spain,NA,NA,2020-03-12,115,1,NA,NA,NA,44,1,NA,ESP
CLM,Spain,NA,NA,2020-03-13,194,5,NA,NA,NA,79,4,NA,ESP
CLM,Spain,NA,NA,2020-03-14,289,6,NA,NA,NA,95,1,NA,ESP
CLM,Spain,NA,NA,2020-03-15,401,10,NA,NA,NA,112,4,NA,ESP
CLM,Spain,NA,NA,2020-03-16,567,17,NA,NA,NA,166,7,NA,ESP
CLM,Spain,NA,NA,2020-03-17,675,28,NA,NA,NA,108,11,NA,ESP
CLM,Spain,NA,NA,2020-03-18,801,42,NA,NA,NA,126,14,NA,ESP
CLM,Spain,NA,NA,2020-03-19,1044,62,NA,NA,NA,243,20,NA,ESP
CLM,Spain,NA,NA,2020-03-20,1423,84,NA,NA,NA,379,22,NA,ESP
CLM,Spain,NA,NA,2020-03-21,1819,112,NA,NA,NA,396,28,NA,ESP
CLM,Spain,NA,NA,2020-03-22,2078,145,NA,NA,NA,259,33,NA,ESP
CLM,Spain,NA,NA,2020-03-23,2465,216,NA,NA,NA,387,71,NA,ESP
CLM,Spain,NA,NA,2020-03-24,2780,263,NA,NA,NA,315,47,NA,ESP
CyL,Spain,NA,NA,2020-02-28,2,0,NA,NA,NA,2,0,NA,ESP
CyL,Spain,NA,NA,2020-03-01,3,0,NA,NA,NA,1,0,NA,ESP
CyL,Spain,NA,NA,2020-03-02,3,0,NA,NA,NA,0,0,NA,ESP
CyL,Spain,NA,NA,2020-03-03,8,0,NA,NA,NA,5,0,NA,ESP
CyL,Spain,NA,NA,2020-03-04,8,0,NA,NA,NA,0,0,NA,ESP
CyL,Spain,NA,NA,2020-03-05,11,0,NA,NA,NA,3,0,NA,ESP
CyL,Spain,NA,NA,2020-03-07,14,0,NA,NA,NA,3,0,NA,ESP
CyL,Spain,NA,NA,2020-03-08,22,0,NA,NA,NA,8,0,NA,ESP
CyL,Spain,NA,NA,2020-03-09,23,0,NA,NA,NA,1,0,NA,ESP
CyL,Spain,NA,NA,2020-03-10,56,0,NA,NA,NA,33,0,NA,ESP
CyL,Spain,NA,NA,2020-03-11,71,0,NA,NA,NA,15,0,NA,ESP
CyL,Spain,NA,NA,2020-03-12,92,0,NA,NA,NA,21,0,NA,ESP
CyL,Spain,NA,NA,2020-03-13,169,1,NA,NA,NA,77,1,NA,ESP
CyL,Spain,NA,NA,2020-03-14,223,3,NA,NA,NA,54,2,NA,ESP
CyL,Spain,NA,NA,2020-03-15,292,6,NA,NA,NA,69,3,NA,ESP
CyL,Spain,NA,NA,2020-03-16,431,12,NA,NA,NA,139,6,NA,ESP
CyL,Spain,NA,NA,2020-03-17,668,22,NA,NA,NA,237,10,NA,ESP
CyL,Spain,NA,NA,2020-03-18,868,29,NA,NA,NA,200,7,NA,ESP
CyL,Spain,NA,NA,2020-03-19,1147,43,NA,NA,NA,279,14,NA,ESP
CyL,Spain,NA,NA,2020-03-20,1466,55,NA,NA,NA,319,12,NA,ESP
CyL,Spain,NA,NA,2020-03-21,1744,74,NA,NA,NA,278,19,NA,ESP
CyL,Spain,NA,NA,2020-03-22,2055,102,NA,NA,NA,311,28,NA,ESP
CyL,Spain,NA,NA,2020-03-23,2460,124,NA,NA,NA,405,22,NA,ESP
CyL,Spain,NA,NA,2020-03-24,2940,165,NA,NA,NA,480,41,NA,ESP
Extremadura,Spain,NA,NA,2020-03-01,4,0,NA,NA,NA,4,0,NA,ESP
Extremadura,Spain,NA,NA,2020-03-02,6,0,NA,NA,NA,2,0,NA,ESP
Extremadura,Spain,NA,NA,2020-03-03,6,0,NA,NA,NA,0,0,NA,ESP
Extremadura,Spain,NA,NA,2020-03-04,6,0,NA,NA,NA,0,0,NA,ESP
Extremadura,Spain,NA,NA,2020-03-05,6,0,NA,NA,NA,0,0,NA,ESP
Extremadura,Spain,NA,NA,2020-03-07,6,0,NA,NA,NA,0,0,NA,ESP
Extremadura,Spain,NA,NA,2020-03-08,6,0,NA,NA,NA,0,0,NA,ESP
Extremadura,Spain,NA,NA,2020-03-09,7,0,NA,NA,NA,1,0,NA,ESP
Extremadura,Spain,NA,NA,2020-03-10,8,0,NA,NA,NA,1,0,NA,ESP
Extremadura,Spain,NA,NA,2020-03-11,9,0,NA,NA,NA,1,0,NA,ESP
Extremadura,Spain,NA,NA,2020-03-12,19,1,NA,NA,NA,10,1,NA,ESP
Extremadura,Spain,NA,NA,2020-03-13,39,1,NA,NA,NA,20,0,NA,ESP
Extremadura,Spain,NA,NA,2020-03-14,66,2,NA,NA,NA,27,1,NA,ESP
Extremadura,Spain,NA,NA,2020-03-15,95,2,NA,NA,NA,29,0,NA,ESP
Extremadura,Spain,NA,NA,2020-03-16,153,3,NA,NA,NA,58,1,NA,ESP
Extremadura,Spain,NA,NA,2020-03-17,194,6,NA,NA,NA,41,3,NA,ESP
Extremadura,Spain,NA,NA,2020-03-18,241,8,NA,NA,NA,47,2,NA,ESP
Extremadura,Spain,NA,NA,2020-03-19,297,10,NA,NA,NA,56,2,NA,ESP
Extremadura,Spain,NA,NA,2020-03-20,354,12,NA,NA,NA,57,2,NA,ESP
Extremadura,Spain,NA,NA,2020-03-21,384,14,NA,NA,NA,30,2,NA,ESP
Extremadura,Spain,NA,NA,2020-03-22,493,18,NA,NA,NA,109,4,NA,ESP
Extremadura,Spain,NA,NA,2020-03-23,636,26,NA,NA,NA,143,8,NA,ESP
Extremadura,Spain,NA,NA,2020-03-24,742,39,NA,NA,NA,106,13,NA,ESP
Galicia,Spain,NA,NA,2020-03-05,1,0,NA,NA,NA,1,0,NA,ESP
Galicia,Spain,NA,NA,2020-03-07,3,0,NA,NA,NA,2,0,NA,ESP
Galicia,Spain,NA,NA,2020-03-08,5,0,NA,NA,NA,2,0,NA,ESP
Galicia,Spain,NA,NA,2020-03-09,6,0,NA,NA,NA,1,0,NA,ESP
Galicia,Spain,NA,NA,2020-03-10,22,0,NA,NA,NA,16,0,NA,ESP
Galicia,Spain,NA,NA,2020-03-11,39,0,NA,NA,NA,17,0,NA,ESP
Galicia,Spain,NA,NA,2020-03-12,35,0,NA,NA,NA,-4,0,NA,ESP
Galicia,Spain,NA,NA,2020-03-13,85,0,NA,NA,NA,50,0,NA,ESP
Galicia,Spain,NA,NA,2020-03-14,136,0,NA,NA,NA,51,0,NA,ESP
Galicia,Spain,NA,NA,2020-03-15,195,2,NA,NA,NA,59,2,NA,ESP
Galicia,Spain,NA,NA,2020-03-16,292,3,NA,NA,NA,97,1,NA,ESP
Galicia,Spain,NA,NA,2020-03-17,341,3,NA,NA,NA,49,0,NA,ESP
Galicia,Spain,NA,NA,2020-03-18,453,4,NA,NA,NA,112,1,NA,ESP
Galicia,Spain,NA,NA,2020-03-19,578,5,NA,NA,NA,125,1,NA,ESP
Galicia,Spain,NA,NA,2020-03-20,739,9,NA,NA,NA,161,4,NA,ESP
Galicia,Spain,NA,NA,2020-03-21,915,12,NA,NA,NA,176,3,NA,ESP
Galicia,Spain,NA,NA,2020-03-22,1208,18,NA,NA,NA,293,6,NA,ESP
Galicia,Spain,NA,NA,2020-03-23,1415,20,NA,NA,NA,207,2,NA,ESP
Galicia,Spain,NA,NA,2020-03-24,1653,27,NA,NA,NA,238,7,NA,ESP
La Rioja,Spain,NA,NA,2020-03-02,1,0,NA,NA,NA,1,0,NA,ESP
La Rioja,Spain,NA,NA,2020-03-03,1,0,NA,NA,NA,0,0,NA,ESP
La Rioja,Spain,NA,NA,2020-03-04,3,0,NA,NA,NA,2,0,NA,ESP
La Rioja,Spain,NA,NA,2020-03-05,11,0,NA,NA,NA,8,0,NA,ESP
La Rioja,Spain,NA,NA,2020-03-07,39,0,NA,NA,NA,28,0,NA,ESP
La Rioja,Spain,NA,NA,2020-03-08,55,0,NA,NA,NA,16,0,NA,ESP
La Rioja,Spain,NA,NA,2020-03-09,81,0,NA,NA,NA,26,0,NA,ESP
La Rioja,Spain,NA,NA,2020-03-10,155,1,NA,NA,NA,74,1,NA,ESP
La Rioja,Spain,NA,NA,2020-03-11,179,2,NA,NA,NA,24,1,NA,ESP
La Rioja,Spain,NA,NA,2020-03-12,220,2,NA,NA,NA,41,0,NA,ESP
La Rioja,Spain,NA,NA,2020-03-13,259,2,NA,NA,NA,39,0,NA,ESP
La Rioja,Spain,NA,NA,2020-03-14,278,3,NA,NA,NA,19,1,NA,ESP
La Rioja,Spain,NA,NA,2020-03-15,300,3,NA,NA,NA,22,0,NA,ESP
La Rioja,Spain,NA,NA,2020-03-16,355,5,NA,NA,NA,55,2,NA,ESP
La Rioja,Spain,NA,NA,2020-03-17,419,5,NA,NA,NA,64,0,NA,ESP
La Rioja,Spain,NA,NA,2020-03-18,468,5,NA,NA,NA,49,0,NA,ESP
La Rioja,Spain,NA,NA,2020-03-19,497,7,NA,NA,NA,29,2,NA,ESP
La Rioja,Spain,NA,NA,2020-03-20,564,15,NA,NA,NA,67,8,NA,ESP
La Rioja,Spain,NA,NA,2020-03-21,654,18,NA,NA,NA,90,3,NA,ESP
La Rioja,Spain,NA,NA,2020-03-22,747,22,NA,NA,NA,93,4,NA,ESP
La Rioja,Spain,NA,NA,2020-03-23,802,30,NA,NA,NA,55,8,NA,ESP
La Rioja,Spain,NA,NA,2020-03-24,928,37,NA,NA,NA,126,7,NA,ESP
Madrid,Spain,NA,NA,2020-02-27,2,0,NA,NA,NA,2,0,NA,ESP
Madrid,Spain,NA,NA,2020-02-28,5,0,NA,NA,NA,3,0,NA,ESP
Madrid,Spain,NA,NA,2020-03-01,10,0,NA,NA,NA,5,0,NA,ESP
Madrid,Spain,NA,NA,2020-03-02,29,0,NA,NA,NA,19,0,NA,ESP
Madrid,Spain,NA,NA,2020-03-03,34,0,NA,NA,NA,5,0,NA,ESP
Madrid,Spain,NA,NA,2020-03-04,70,0,NA,NA,NA,36,0,NA,ESP
Madrid,Spain,NA,NA,2020-03-05,70,1,NA,NA,NA,0,1,NA,ESP
Madrid,Spain,NA,NA,2020-03-07,174,0,NA,NA,NA,104,-1,NA,ESP
Madrid,Spain,NA,NA,2020-03-08,202,0,NA,NA,NA,28,0,NA,ESP
Madrid,Spain,NA,NA,2020-03-09,469,8,NA,NA,NA,267,8,NA,ESP
Madrid,Spain,NA,NA,2020-03-10,782,21,NA,NA,NA,313,13,NA,ESP
Madrid,Spain,NA,NA,2020-03-11,1024,31,NA,NA,NA,242,10,NA,ESP
Madrid,Spain,NA,NA,2020-03-12,1388,56,NA,NA,NA,364,25,NA,ESP
Madrid,Spain,NA,NA,2020-03-13,1990,81,NA,NA,NA,602,25,NA,ESP
Madrid,Spain,NA,NA,2020-03-14,2940,86,NA,NA,NA,950,5,NA,ESP
Madrid,Spain,NA,NA,2020-03-15,3544,213,NA,NA,NA,604,127,NA,ESP
Madrid,Spain,NA,NA,2020-03-16,4871,355,NA,NA,NA,1327,142,NA,ESP
Madrid,Spain,NA,NA,2020-03-17,5637,390,NA,NA,NA,766,35,NA,ESP
Madrid,Spain,NA,NA,2020-03-18,6777,498,NA,NA,NA,1140,108,NA,ESP
Madrid,Spain,NA,NA,2020-03-19,7165,628,NA,NA,NA,388,130,NA,ESP
Madrid,Spain,NA,NA,2020-03-20,8921,804,NA,NA,NA,1756,176,NA,ESP
Madrid,Spain,NA,NA,2020-03-21,9702,1021,NA,NA,NA,781,217,NA,ESP
Madrid,Spain,NA,NA,2020-03-22,10575,1263,NA,NA,NA,873,242,NA,ESP
Madrid,Spain,NA,NA,2020-03-23,12352,1535,NA,NA,NA,1777,272,NA,ESP
Madrid,Spain,NA,NA,2020-03-24,14597,1825,NA,NA,NA,2245,290,NA,ESP
Melilla,Spain,NA,NA,2020-03-13,2,0,NA,NA,NA,2,0,NA,ESP
Melilla,Spain,NA,NA,2020-03-14,3,0,NA,NA,NA,1,0,NA,ESP
Melilla,Spain,NA,NA,2020-03-15,8,0,NA,NA,NA,5,0,NA,ESP
Melilla,Spain,NA,NA,2020-03-16,17,0,NA,NA,NA,9,0,NA,ESP
Melilla,Spain,NA,NA,2020-03-17,20,0,NA,NA,NA,3,0,NA,ESP
Melilla,Spain,NA,NA,2020-03-18,23,0,NA,NA,NA,3,0,NA,ESP
Melilla,Spain,NA,NA,2020-03-19,24,0,NA,NA,NA,1,0,NA,ESP
Melilla,Spain,NA,NA,2020-03-20,25,0,NA,NA,NA,1,0,NA,ESP
Melilla,Spain,NA,NA,2020-03-21,25,0,NA,NA,NA,0,0,NA,ESP
Melilla,Spain,NA,NA,2020-03-22,28,0,NA,NA,NA,3,0,NA,ESP
Melilla,Spain,NA,NA,2020-03-23,28,0,NA,NA,NA,0,0,NA,ESP
Melilla,Spain,NA,NA,2020-03-24,38,0,NA,NA,NA,10,0,NA,ESP
Murcia,Spain,NA,NA,2020-03-08,1,0,NA,NA,NA,1,0,NA,ESP
Murcia,Spain,NA,NA,2020-03-09,4,0,NA,NA,NA,3,0,NA,ESP
Murcia,Spain,NA,NA,2020-03-10,9,0,NA,NA,NA,5,0,NA,ESP
Murcia,Spain,NA,NA,2020-03-11,11,0,NA,NA,NA,2,0,NA,ESP
Murcia,Spain,NA,NA,2020-03-12,26,0,NA,NA,NA,15,0,NA,ESP
Murcia,Spain,NA,NA,2020-03-13,35,0,NA,NA,NA,9,0,NA,ESP
Murcia,Spain,NA,NA,2020-03-14,51,0,NA,NA,NA,16,0,NA,ESP
Murcia,Spain,NA,NA,2020-03-15,78,0,NA,NA,NA,27,0,NA,ESP
Murcia,Spain,NA,NA,2020-03-16,97,0,NA,NA,NA,19,0,NA,ESP
Murcia,Spain,NA,NA,2020-03-17,122,0,NA,NA,NA,25,0,NA,ESP
Murcia,Spain,NA,NA,2020-03-18,167,0,NA,NA,NA,45,0,NA,ESP
Murcia,Spain,NA,NA,2020-03-19,204,0,NA,NA,NA,37,0,NA,ESP
Murcia,Spain,NA,NA,2020-03-20,240,1,NA,NA,NA,36,1,NA,ESP
Murcia,Spain,NA,NA,2020-03-21,296,1,NA,NA,NA,56,0,NA,ESP
Murcia,Spain,NA,NA,2020-03-22,345,2,NA,NA,NA,49,1,NA,ESP
Murcia,Spain,NA,NA,2020-03-23,385,3,NA,NA,NA,40,1,NA,ESP
Murcia,Spain,NA,NA,2020-03-24,477,5,NA,NA,NA,92,2,NA,ESP
Navarra,Spain,NA,NA,2020-03-01,1,0,NA,NA,NA,1,0,NA,ESP
Navarra,Spain,NA,NA,2020-03-02,1,0,NA,NA,NA,0,0,NA,ESP
Navarra,Spain,NA,NA,2020-03-03,1,0,NA,NA,NA,0,0,NA,ESP
Navarra,Spain,NA,NA,2020-03-04,1,0,NA,NA,NA,0,0,NA,ESP
Navarra,Spain,NA,NA,2020-03-05,1,0,NA,NA,NA,0,0,NA,ESP
Navarra,Spain,NA,NA,2020-03-07,3,0,NA,NA,NA,2,0,NA,ESP
Navarra,Spain,NA,NA,2020-03-08,3,0,NA,NA,NA,0,0,NA,ESP
Navarra,Spain,NA,NA,2020-03-09,3,0,NA,NA,NA,0,0,NA,ESP
Navarra,Spain,NA,NA,2020-03-10,12,0,NA,NA,NA,9,0,NA,ESP
Navarra,Spain,NA,NA,2020-03-11,46,0,NA,NA,NA,34,0,NA,ESP
Navarra,Spain,NA,NA,2020-03-12,92,0,NA,NA,NA,46,0,NA,ESP
Navarra,Spain,NA,NA,2020-03-13,130,0,NA,NA,NA,38,0,NA,ESP
Navarra,Spain,NA,NA,2020-03-14,146,0,NA,NA,NA,16,0,NA,ESP
Navarra,Spain,NA,NA,2020-03-15,196,0,NA,NA,NA,50,0,NA,ESP
Navarra,Spain,NA,NA,2020-03-16,313,2,NA,NA,NA,117,2,NA,ESP
Navarra,Spain,NA,NA,2020-03-17,386,3,NA,NA,NA,73,1,NA,ESP
Navarra,Spain,NA,NA,2020-03-18,482,4,NA,NA,NA,96,1,NA,ESP
Navarra,Spain,NA,NA,2020-03-19,554,5,NA,NA,NA,72,1,NA,ESP
Navarra,Spain,NA,NA,2020-03-20,664,9,NA,NA,NA,110,4,NA,ESP
Navarra,Spain,NA,NA,2020-03-21,794,14,NA,NA,NA,130,5,NA,ESP
Navarra,Spain,NA,NA,2020-03-22,886,24,NA,NA,NA,92,10,NA,ESP
Navarra,Spain,NA,NA,2020-03-23,1014,31,NA,NA,NA,128,7,NA,ESP
Navarra,Spain,NA,NA,2020-03-24,1197,33,NA,NA,NA,183,2,NA,ESP
País Vasco,Spain,NA,NA,2020-03-01,3,0,NA,NA,NA,3,0,NA,ESP
País Vasco,Spain,NA,NA,2020-03-02,9,0,NA,NA,NA,6,0,NA,ESP
País Vasco,Spain,NA,NA,2020-03-03,13,0,NA,NA,NA,4,0,NA,ESP
País Vasco,Spain,NA,NA,2020-03-04,15,0,NA,NA,NA,2,0,NA,ESP
País Vasco,Spain,NA,NA,2020-03-05,17,1,NA,NA,NA,2,1,NA,ESP
País Vasco,Spain,NA,NA,2020-03-07,45,0,NA,NA,NA,28,-1,NA,ESP
País Vasco,Spain,NA,NA,2020-03-08,102,0,NA,NA,NA,57,0,NA,ESP
País Vasco,Spain,NA,NA,2020-03-09,149,5,NA,NA,NA,47,5,NA,ESP
País Vasco,Spain,NA,NA,2020-03-10,195,6,NA,NA,NA,46,1,NA,ESP
País Vasco,Spain,NA,NA,2020-03-11,225,6,NA,NA,NA,30,0,NA,ESP
País Vasco,Spain,NA,NA,2020-03-12,346,11,NA,NA,NA,121,5,NA,ESP
País Vasco,Spain,NA,NA,2020-03-13,417,14,NA,NA,NA,71,3,NA,ESP
País Vasco,Spain,NA,NA,2020-03-14,521,14,NA,NA,NA,104,0,NA,ESP
País Vasco,Spain,NA,NA,2020-03-15,630,23,NA,NA,NA,109,9,NA,ESP
País Vasco,Spain,NA,NA,2020-03-16,765,36,NA,NA,NA,135,13,NA,ESP
País Vasco,Spain,NA,NA,2020-03-17,973,40,NA,NA,NA,208,4,NA,ESP
País Vasco,Spain,NA,NA,2020-03-18,1190,53,NA,NA,NA,217,13,NA,ESP
País Vasco,Spain,NA,NA,2020-03-19,1465,71,NA,NA,NA,275,18,NA,ESP
País Vasco,Spain,NA,NA,2020-03-20,1725,85,NA,NA,NA,260,14,NA,ESP
País Vasco,Spain,NA,NA,2020-03-21,2097,97,NA,NA,NA,372,12,NA,ESP
País Vasco,Spain,NA,NA,2020-03-22,2421,120,NA,NA,NA,324,23,NA,ESP
País Vasco,Spain,NA,NA,2020-03-23,2728,133,NA,NA,NA,307,13,NA,ESP
País Vasco,Spain,NA,NA,2020-03-24,3271,155,NA,NA,NA,543,22,NA,ESP
